Date,Close/Last,Volume,Open,High,Low
09/02/2022,360.45,4544223,367.95,369.13,358.78
09/01/2022,364.27,6126838,361.1,364.7,358.51
08/31/2022,363.15,4062539,367.61,368.79,363.11
08/30/2022,366.03,5044536,371.3,371.445,364.02
08/29/2022,370.05,4953159,369.77,373.05,368.78
08/26/2022,372.51,5153160,385.55,386.05,372.51
08/25/2022,385.73,2631290,381.76,385.73,380.7
08/24/2022,380.19,2241245,378.9,381.58,378.18
08/23/2022,379.04,2869184,379.56,381.87,378.5233
08/22/2022,379.94,4153718,383.43,383.54,379.09
08/19/2022,388.12,2899030,390.7,390.95,387.25
08/18/2022,393.55,3258081,392.42,394.02,391.17
08/17/2022,392.34,3222325,391.56,394.85,390.2931
08/16/2022,395.04,3864849,393.24,396.89,392.44
08/15/2022,394.35,3203933,390.49,394.76,390.46
08/12/2022,392.67,3664357,387.95,392.72,387.09
08/11/2022,386.06,3575370,388.87,390.65,385.4
08/10/2022,386.06,3650992,384.99,386.23,383.1
08/09/2022,378.14,2360524,379.02,379.41,377.1
08/08/2022,379.64,3455348,381.78,383.9068,378.57
08/05/2022,379.98,2852090,376.65,380.7,376.54
08/04/2022,380.77,3410631,380.88,381.53,379.19
08/03/2022,381.07,3854779,377.19,382.1,376.91
08/02/2022,375.21,4132588,376.11,379.627,373.95
08/01/2022,377.65,4421369,376.12,380.01,375.44
07/29/2022,378.79,5246413,374.73,379.66,373.93
07/28/2022,373.32,4345335,369.42,373.91,365.98
07/27/2022,368.66,4500264,362.49,370.33,362.2205
07/26/2022,359.25,2987190,362.12,362.21,358.4501
07/25/2022,363.61,3902230,363.84,364.44,361.45
07/22/2022,363.25,4533862,366.69,367.84,361.01
07/21/2022,366.59,4603979,362.36,366.62,360.01
07/20/2022,362.92,4270636,360.7,364.2399,359.45
07/19/2022,360.61,3620152,354.95,361.09,354.25
07/18/2022,351.08,3544880,356.97,357.62,349.92
07/15/2022,354.01,4520475,351.73,354.11,349.8
07/14/2022,347.44,4624840,343.41,347.95,341.045
07/13/2022,348.36,5603536,344.74,351,344.37
07/12/2022,349.99,4080271,352.6,354.9,348.38
07/11/2022,353.25,3491695,354.84,355.57,352.51
07/08/2022,357.29,4791341,355.906,359.05,354.471
07/07/2022,357.5,3737478,354.01,358.3,354
07/06/2022,352.33,5450928,351.23,354.68,348.93
07/05/2022,351.06,6180564,345.48,351.1,342.78
07/01/2022,350.44,7481480,346.16,350.83,343.59
06/30/2022,346.88,7159599,345.88,349.84,342.45
06/29/2022,349.64,3775861,350.43,351.36,347.81
06/28/2022,350.9,8801780,360.08,362.835,350.9
06/27/2022,358.65,4608590,361,361.15,357.57
06/24/2022,360,5458559,352.03,360.02,351.97
06/23/2022,349.13,6708774,347.63,349.61,344.14
06/22/2022,345.5,4876060,342.08,349.51,341.6348
06/21/2022,346.23,5628348,343.19,347.5,343.11
06/17/2022,337.95,7083981,337.31,340.87,334.24
06/16/2022,337.07,8821869,340.48,340.84,334.57
06/15/2022,348.52,7887624,346.82,352.84,341.97
06/14/2022,343.6,7584190,346.37,347.32,340.57
06/13/2022,344.46,10399710,349.11,350.8353,343.06
06/10/2022,358.27,7629693,362.93,363.69,358.23
06/09/2022,369.1,3021979,376.24,378.44,369.02
06/08/2022,377.99,3436443,380.5,382.23,377.26
06/07/2022,382.17,2649857,375.16,382.61,374.71
06/06/2022,378.47,2659482,381.33,382.96,377.41
06/03/2022,377.44,2749538,379.11,380.6,376.48
06/02/2022,383.65,3273721,376.41,383.74,374.2
06/01/2022,376.5,4245818,381.61,382.64,374.1
05/31/2022,379.68,5016514,380.23,382.85,376.92
05/27/2022,381.8,3911790,374.94,381.86,374.8
05/26/2022,372.46,4248253,366.445,374.13,366.27
05/25/2022,365.2,5704600,360.54,367.16,360.27
05/24/2022,362.18,5567301,360.85,363.21,355.7
05/23/2022,364.81,5254915,361.09,365.57,358.85
05/20/2022,358.02,8755856,361.41,361.95,349.76
05/19/2022,357.93,6359477,357.17,362.23,355.85
05/18/2022,360.34,6883570,370.98,371.16,359
05/17/2022,375.2,4513309,373.66,375.56,370.08
05/16/2022,367.84,4719840,367.71,371.35,365.45
05/13/2022,369.16,5377437,364.73,370.58,363.6416
05/12/2022,360.65,7679237,357.835,363.75,354.02
05/11/2022,360.93,8026944,365.97,371.36,360.27
05/10/2022,366.84,7870750,371.9,373.22,362.91
05/09/2022,365.9,10793230,372.36,373.56,364.5
05/06/2022,378.1,7959647,378.01,381.28,372.95
05/05/2022,380.49,10477250,390.22,390.31,376.35
05/04/2022,394.34,7367547,383.35,394.925,380.28
05/03/2022,382.73,5607696,381.62,385.0556,380
05/02/2022,381.08,10737020,378.79,382.27,372.33
04/29/2022,378.7,8221944,389.42,391.45,378
04/28/2022,393.14,7036192,388.23,394.9,383.87
04/27/2022,383.53,6415702,383.5,388.75,381.5
04/26/2022,382.54,8492984,391.4,391.59,382.44
04/25/2022,393.8,8141182,389.42,394.0584,385
04/22/2022,391.66,6326437,401.67,401.885,391.1
04/21/2022,402.65,4670153,412.38,413.68,401.8
04/20/2022,408.71,5067144,410.82,411.39,407.67
04/19/2022,409.02,3841510,402.58,409.77,402.36
04/18/2022,402.59,4305868,401.55,404.22,400.44
04/14/2022,402.52,3735679,407.72,408.78,402.34
04/13/2022,407.47,4358710,402.57,408.2,402.48
04/12/2022,402.92,6615813,407.33,409.71,401.37
04/11/2022,404.4,3342784,408.5,409.0592,403.925
04/08/2022,411.53,4752812,411.85,414.22,409.98
04/07/2022,412.53,4954053,409.6,414.3,407.74
04/06/2022,410.46,5540716,410.76,412.66,407.64
04/05/2022,414.66,4112033,418.56,420.82,413.5
04/04/2022,419.85,5117208,416.45,419.96,415.72
04/01/2022,416.32,4663067,416.68,416.818,412.87
03/31/2022,415.17,5876639,420.97,421.67,415.05
03/30/2022,421.65,4794334,423.26,424.01,419.59
03/29/2022,424.29,5510554,422.96,424.72,420.25
03/28/2022,418.99,3395334,415.5,419.05,413.69
03/25/2022,416.12,3643255,414.79,416.3581,412.205
03/24/2022,414.02,2977317,409.89,414.1,408.81
03/23/2022,409.33,3742563,412.16,413.62,409.29
03/22/2022,414.67,4231715,411.2,415.52,411.2
03/21/2022,409.91,4159492,409.84,411.75,406.43
03/18/2022,409.89,5874983,403.98,410.28,403.24
03/17/2022,405.41,5177527,398.64,405.56,398.3
03/16/2022,400.51,7407331,395.5,400.55,390.55
03/15/2022,391.75,5739361,385.86,392.37,384.63
03/14/2022,383.34,6454976,387.07,390.268,382.25
03/11/2022,386.16,5872799,393.62,394.1899,385.68
03/10/2022,391.15,6394788,388.44,392.01,386.53
03/09/2022,392.9,5812598,390.88,394.85,388.72
03/08/2022,382.7,9356075,385.76,392.74,381.64
03/07/2022,385.61,8411483,396.73,397,385.56
03/04/2022,397.34,6322478,396.93,398.4264,393.37
03/03/2022,400.58,8745268,405.02,405.54,398.88
03/02/2022,402.6,8185168,397.72,404.1,396.78
03/01/2022,395.34,9124412,400.01,401.92,392.79
02/28/2022,401.36,11855940,397.18,402.85,396
02/25/2022,402.37,11665230,394.95,402.52,393.3955
02/24/2022,393.77,21277220,377.76,394.17,377.5
02/23/2022,387.81,12154860,397.74,398.32,387.38
02/22/2022,394.92,10414740,397.05,400.37,391.505
02/18/2022,399.29,10570830,402.15,403.31,397
02/17/2022,401.86,7540991,407.49,407.98,401.23
02/16/2022,410.59,7743764,408.2,411.89,406.32
02/15/2022,410.1,6822294,408.18,410.29,407.46
02/14/2022,403.62,10167580,404.43,405.99,400.24
02/11/2022,404.94,10458590,413.15,415.2,403.57
02/10/2022,413.18,9260462,414.93,420.8,411.14
02/09/2022,420.57,6284459,418.55,420.87,418.345
02/08/2022,414.49,5565685,410.72,415.46,409.35
02/07/2022,411.16,5620912,413.23,414.62,409.9
02/04/2022,412.52,8210024,410.34,416.24,408.06
02/03/2022,410.59,7658271,414.59,416.43,409.79
02/02/2022,420.36,6726476,418.98,421.18,416.54
02/01/2022,416.39,8154891,414.34,417.04,410.9
01/31/2022,413.69,9200435,405.67,413.97,404.35
01/28/2022,406.26,12096810,397.82,406.33,393.3
01/27/2022,396.54,12455230,402.93,405.97,394.82
01/26/2022,398.56,14377350,405.66,408.1954,394.34
01/25/2022,399.46,16836330,398.17,404.26,392.7325
01/24/2022,404.37,22997840,397.26,404.88,386.84
01/21/2022,402.69,16225930,409.71,411.9265,402.66
01/20/2022,410.76,8907603,417.17,421.75,410.29
01/19/2022,415.33,8184106,421.17,422.535,415.07
01/18/2022,419.74,10697980,422.62,424.98,417.33
01/14/2022,427.23,9960814,423.945,427.5799,422.81
01/13/2022,427.1,7521275,434.09,434.72,426.09
01/12/2022,433.07,8270332,433.56,435.04,431.14
01/11/2022,431.78,7282442,427.68,431.95,424.78
01/10/2022,428.03,10481530,425.38,428.19,419.77
01/07/2022,428.59,6157536,430.21,431.36,427.2
01/06/2022,430.08,7971547,430.2,432.83,427.9
01/05/2022,430.66,7539607,438.78,439.41,430.525
01/04/2022,439.07,6262237,440.58,441.26,437.22
01/03/2022,439.25,6017303,437.93,439.27,435.64
12/31/2021,436.57,5185608,437.23,438.38,436.39
12/30/2021,437.77,3751831,439.39,440.36,437.32
12/29/2021,439.01,4596686,438.5,439.95,437.54
12/28/2021,438.48,4865844,439.28,440.19,437.655
12/27/2021,438.81,4986317,433.98,438.82,433.95
12/23/2021,432.64,5032684,430.91,434.0963,430.87
12/22/2021,429.99,4992213,425.45,430.09,425.32
12/21/2021,425.69,6916663,421.65,425.85,419.52
12/20/2021,419.8,9903413,419.39,420.22,416.3
12/17/2021,424.39,8883451,425.85,428.79,422.67
12/16/2021,428.84,7159519,434.56,434.8,427.35
12/15/2021,432.75,6871253,426.11,432.98,423.67
12/14/2021,426.09,6522926,425.8,428.24,423.2
12/13/2021,429.01,5923878,432.36,432.66,428.75
12/10/2021,432.85,6238301,431.44,432.96,428.95
12/09/2021,428.76,5035427,430.46,431.32,428.61
12/08/2021,431.7,4476542,430.95,432.14,429.24
12/07/2021,430.49,4731920,426.98,431.1,426.94
12/06/2021,421.82,7289493,419.41,423.66,417
12/03/2021,416.84,10228930,422.12,423.19,412.77
12/02/2021,420.56,10417670,414.42,422.06,414.03
12/01/2021,414.24,8370491,424.47,427.2212,413.97
11/30/2021,419.06,8657643,424.8,426.63,418.63
11/29/2021,427.24,6300761,426.71,428.98,424.55
11/26/2021,422.14,7702478,425.19,426.52,420.9
11/24/2021,431.53,4569588,428.56,431.75,427.71
11/23/2021,430.47,6801311,429.57,431.29,427.04
11/22/2021,429.91,4875928,432.93,435.41,429.72
11/19/2021,431.05,4886525,431.87,432.99,430.3798
11/18/2021,431.86,4736823,431.44,432.17,428.8
11/17/2021,430.37,3764856,431.24,431.39,429.84
11/16/2021,431.41,3266998,429.52,432.59,429.4721
11/15/2021,429.77,3122286,430.95,431.005,428.65
11/12/2021,429.57,3655495,427.66,430.17,426.73
11/11/2021,426.4,3634631,427.7,427.82,426.39
11/10/2021,426.26,6350658,428.09,429.73,424.81
11/09/2021,429.72,4696024,431.56,431.75,428.34
11/08/2021,431.23,3511610,431.88,432.34,430.5
11/05/2021,430.71,4942933,431.55,432.76,429.3
11/04/2021,429.25,4287284,427.85,429.37,427.54
11/03/2021,427.25,3562910,424.14,427.66,423.69
11/02/2021,424.69,2989214,423.15,424.96,423.01
11/01/2021,423.05,3937315,423.19,423.57,421.28
10/29/2021,422.16,4637741,419.15,422.515,418.87
10/28/2021,421.41,3643561,418.78,421.44,418.75
10/27/2021,417.33,2873514,419.66,420.29,417.28
10/26/2021,419.15,3085261,420.27,421.5294,418.86
10/25/2021,418.75,2511465,417.64,419.14,415.93
10/22/2021,416.59,3648855,416.58,418,414.7
10/21/2021,417.01,2579450,415.38,417.24,414.9449
10/20/2021,415.99,3208156,414.74,416.22,414.65
10/19/2021,414.38,2838262,412.74,414.38,412.14
10/18/2021,411.18,3402670,408.2,411.46,407.53
10/15/2021,409.93,3501619,408.92,410.26,408.275
10/14/2021,406.76,3788390,403.7,406.95,403.22
10/13/2021,400.04,6492363,399.64,400.88,396.75
10/12/2021,398.76,6201264,400.55,400.92,397.87
10/11/2021,399.56,3695672,401.91,404.74,399.56
10/08/2021,402.49,3960919,404.04,404.3881,401.94
10/07/2021,403.25,4409195,403.07,406.05,402.85
10/06/2021,399.81,6589951,394.65,400.02,393.06
10/05/2021,398.04,5523244,395.56,400.3526,394.79
10/04/2021,394.21,8820427,398.12,398.94,391.96
10/01/2021,399.12,8482196,396.226,400.85,392.77
09/30/2021,394.4,9511155,400.85,401.52,394.34
09/29/2021,399.46,4724166,400.1,401.79,398.86
09/28/2021,400.14,8234309,405.55,405.87,399.33
09/27/2021,408.3,3546600,408.421,409.57,407.59
09/24/2021,409.46,3417688,407.17,410.13,406.95
09/23/2021,408.78,4098043,405.71,410.32,405.47
09/22/2021,403.9,6004773,402.17,405.85,401.26
09/21/2021,400.04,6418124,402.66,403.9,399.44
09/20/2021,400.43,10942740,401.11,402.64,395.57
09/17/2021,407.08,5396095,410.35,410.78,406.77
09/16/2021,411.11,3351499,411.27,412.19,408.23
09/15/2021,411.82,3891386,408.79,412.2578,407.7
09/14/2021,408.41,3657667,412.02,412.18,407.49
09/13/2021,410.54,4738340,412.52,412.71,408.31
09/10/2021,409.58,4035509,414.69,415.1,409.415
09/09/2021,412.77,3887829,414.34,416.07,412.57
09/08/2021,414.63,4012604,414.53,415.26,412.6731
09/07/2021,415.03,3542491,416.27,416.29,414.42
09/03/2021,416.57,3743999,415.58,417.0593,415.16
09/02/2021,416.73,2836923,416.8,417.44,415.495
09/01/2021,415.49,3256370,416.05,416.59,415.16
08/31/2021,415.05,6062916,415.66,416.02,414.58
08/30/2021,415.76,2811785,414.66,416.56,414.39
08/27/2021,413.86,3882200,411.09,414.33,411.02
08/26/2021,410.22,4707561,412.41,412.66,410.2
08/25/2021,412.63,3261412,412.06,413.21,411.67
08/24/2021,411.87,3006487,411.9,412.36,411.35
08/23/2021,411.22,3259398,409.25,412.08,409.23
08/20/2021,407.61,3263571,404.68,407.92,404.26
08/19/2021,404.41,5505717,401.09,405.55,400.931
08/18/2021,403.84,4878277,407.22,408.75,403.54
08/17/2021,408.23,5186251,408.41,409.05,405.31
08/16/2021,410.94,3385158,408.71,411.01,407.15
08/13/2021,409.96,2253785,409.64,409.96,409.18
08/12/2021,409.15,2320453,407.82,409.33,406.97
08/11/2021,407.96,3554430,408,408.07,406.91
08/10/2021,406.98,2400730,406.91,407.67,406.23
08/09/2021,406.47,1984384,406.75,407.0492,405.69
08/06/2021,406.86,2486923,406.44,407.18,406.17
08/05/2021,406.16,3052826,404.7,406.19,404.38
08/04/2021,403.64,3880216,404.31,404.86,403.34
08/03/2021,405.58,4129628,403.08,405.66,400.92
08/02/2021,402.33,5814735,404.78,405.36,401.94
07/30/2021,403.15,5204480,402.59,404.53,402.4697
07/29/2021,405.13,2274198,404.36,406.13,404.35
07/28/2021,403.39,3763730,404.17,404.76,402.04
07/27/2021,403.61,3626075,404.45,404.45,400.8
07/26/2021,405.41,2374331,403.92,405.42,403.82
07/23/2021,404.38,3151949,402.17,404.75,401.58
07/22/2021,400.38,2575749,399.71,400.56,398.7
07/21/2021,399.53,2996601,397.48,399.62,397.27
07/20/2021,396.2,4043076,391.345,397.5,390.01
07/19/2021,390.68,12336210,391.78,392.26,387.93
07/16/2021,396.61,4516552,400.84,400.88,396.14
07/15/2021,399.72,4483895,399.74,400.38,397.805
07/14/2021,401.01,3332211,402.06,402.57,399.82
07/13/2021,400.46,4313092,401.08,402.5,400.18
07/12/2021,401.82,2929163,400.3,402.03,399.87
07/09/2021,400.37,3332168,397.63,400.65,397.42
07/08/2021,396.19,5817105,394.2,396.88,393.02
07/07/2021,399.37,4747830,398.67,399.66,396.68
07/06/2021,398,4331346,398.77,398.99,395.3
07/02/2021,398.75,4363111,396.85,399.05,396.525
07/01/2021,395.74,3414515,394.3,395.85,394.2062
06/30/2021,393.52,3795925,392.72,394.131,392.72
06/29/2021,393.16,2927626,393.35,393.94,392.66
06/28/2021,394.32,2418472,394.03,394.45,392.83
06/25/2021,393.5,2863066,392.9,393.92,392.54
06/24/2021,392.05,2987820,391.89,392.5185,391.67
06/23/2021,389.82,2404155,390.35,391.14,389.7
06/22/2021,390.24,2705442,388.24,391.09,387.47
06/21/2021,388.18,4389779,384.5,388.38,383.65
06/18/2021,382.82,5211110,384.79,385.38,382.52
06/17/2021,387.97,4065333,387.62,388.91,385.5
06/16/2021,388.11,4194316,390.419,390.58,386.02
06/15/2021,390.25,2405039,391.15,391.2,389.4099
06/14/2021,391.07,2252205,390.21,391.07,389
06/11/2021,390.09,2241500,390,390.2,388.73
06/10/2021,389.41,2611815,388.86,390.3597,387.58
06/09/2021,387.62,2968089,389.08,389.13,387.41
06/08/2021,388.23,2386617,389,389.08,386.44
06/07/2021,388.17,2500620,388.52,388.69,387.25
06/04/2021,388.5,2628143,386.81,388.8,386.76
06/03/2021,385.01,3390955,384.17,386.11,382.7
06/02/2021,386.48,3209191,386.45,387.24,385.47
06/01/2021,385.83,4389042,388.5,388.62,385.38
05/28/2021,386.13,3371117,387.03,387.27,385.94
05/27/2021,385.38,3015864,386.282,386.78,385.32
05/26/2021,385.21,2642705,385.09,385.75,384.07
05/25/2021,384.51,4031807,386.4,386.76,383.94
05/24/2021,385.32,2962453,383.69,386.4,383.44
05/21/2021,381.47,3567453,383.23,384.45,381.01
05/20/2021,381.76,4776714,378.57,382.99,378.45
05/19/2021,377.73,5086270,374.06,377.84,372.62
05/18/2021,378.73,3128310,382.25,382.47,378.54
05/17/2021,382.03,3767788,381.9,382.75,380
05/14/2021,382.95,5167919,379.81,383.79,379.81
05/13/2021,377.16,7188191,374.21,379.05,374.17
05/12/2021,372.73,7707441,378.04,379.27,372.13
05/11/2021,380.86,7081501,379.75,381.74,376.95
05/10/2021,384.23,5942697,388.41,388.66,384.09
05/07/2021,388.03,3516620,386.02,388.68,385.33
05/06/2021,385.28,4737289,382.26,385.37,380.27
05/05/2021,382.17,2319217,383.72,383.91,381.44
05/04/2021,382.1,5485646,382.52,382.96,378.45
05/03/2021,384.44,4180812,385.56,385.94,383.96
04/30/2021,383.57,5219206,383.91,384.76,382.73
04/29/2021,386.12,4209880,386.4,386.74,382.81
04/28/2021,383.56,3960389,384.1,385.1692,383.24
04/27/2021,383.74,3370642,384.2,384.38,382.72
04/26/2021,383.86,3125214,383.73,384.45,383.32
04/23/2021,383.03,3783209,379.57,384.455,379.46
04/22/2021,378.99,3965016,382.32,383.115,377.96
04/21/2021,382.5,3640080,378.28,382.67,378.14
04/20/2021,378.94,4106739,380.49,381.16,377.465
04/19/2021,381.74,3945743,382.62,383.09,380.37
04/16/2021,383.63,3252459,383.558,384.15,382.19
04/15/2021,382.29,3573828,380.33,382.54,380.28
04/14/2021,378.23,3691057,379.46,380.51,377.7
04/13/2021,379.45,2985533,378.37,380.12,377.92
04/12/2021,378.42,2747529,377.7,378.65,377.0799
04/09/2021,378.25,2627530,375.42,378.4,375.33
04/08/2021,375.55,3949423,374.97,375.56,374.06
04/07/2021,373.73,2768895,373.14,374.0797,372.72
04/06/2021,373.26,3583491,373.04,374.33,372.67
04/05/2021,373.47,3764095,370.89,374.07,370.81
04/01/2021,368.16,5131981,366.2,368.29,366.03
03/31/2021,364.3,7470344,363.39,365.82,363.39
03/30/2021,362.86,3696168,362.56,363.47,361.27
03/29/2021,363.79,3143331,362.57,364.68,361.1097
03/26/2021,364.01,3322643,359.37,364.37,358.75
03/25/2021,359.43,5487296,356.08,360.24,354.14
03/24/2021,357.42,4098983,360.71,362.27,357.42
03/23/2021,359.41,4954604,361.53,362.94,358.51
03/22/2021,362.07,3417647,359.79,363.5,359.76
03/19/2021,359.23,5382753,359.65,361.17,357.14
03/18/2021,359.87,5073991,362.73,364.76,359.28
03/17/2021,365.24,5011554,362.83,366.05,361.62
03/16/2021,364.05,3698397,365.12,365.78,363.25
03/15/2021,364.46,3162271,362.67,364.75,360.45
03/12/2021,362.36,4847336,360.5,362.45,359.666
03/11/2021,361.85,3340718,360.66,363.76,360.1605
03/10/2021,358.07,7231407,358.3,359.84,356.88
03/09/2021,355.87,6075087,354.75,358.46,354.23
03/08/2021,350.96,5663478,353.63,356.4,350.66
03/05/2021,352.69,8721265,349.77,353.73,342.59
03/04/2021,346.34,6604466,350.49,353.02,341.915
03/03/2021,350.66,6317636,354.7,355.64,350.56
03/02/2021,355.35,5462610,358.38,358.63,355.16
03/01/2021,358.12,3725252,354.55,359.39,354.5
02/26/2021,349.59,7579472,353.47,354.4678,347.71
02/25/2021,351.52,7049193,359.03,360.27,350.08
02/24/2021,360.16,3301220,355.15,360.58,354.2
02/23/2021,356.22,5251055,353.69,357.56,349.53
02/22/2021,355.77,3290986,355.84,358.19,355.56
02/19/2021,358.59,2487098,360.47,360.71,358.14
02/18/2021,359.25,3017068,358.24,359.93,356.49
02/17/2021,360.79,3220093,359.03,360.97,357.9222
02/16/2021,360.71,4408452,362.15,362.37,359.98
02/12/2021,361.05,2144471,358.45,361.19,358.36
02/11/2021,359.22,2237200,359.71,360.1,356.8376
02/10/2021,358.64,2400011,360.53,360.61,356.3
02/09/2021,358.78,1891240,358.22,359.33,357.77
02/08/2021,359.07,3371070,357.92,359.07,357.06
02/05/2021,356.44,2091756,356.9,357.1312,355.316
02/04/2021,355.02,1988342,352.12,355.04,351.92
02/03/2021,351.09,3392809,351.7,352.8,349.88
02/02/2021,350.74,2955229,349.05,352.34,349
02/01/2021,345.77,3334009,343.63,346.85,341.4
01/29/2021,340.18,5803647,345.31,346.22,338.57
01/28/2021,347.13,3432188,345.97,351.0707,345.58
01/27/2021,344.24,5010372,349.54,349.56,341.99
01/26/2021,352.8,2430244,354.23,354.645,352.6
01/25/2021,353.33,3548997,352.71,353.6814,347.97
01/22/2021,351.9,1812174,351.38,353.04,350.99
01/21/2021,353.16,2582562,353.46,353.835,352.302
01/20/2021,352.83,2920573,350.32,353.71,349.97
01/19/2021,348.1,3433790,347.8,348.587,346.36
01/15/2021,345.37,3622148,346.27,347.06,343.53
01/14/2021,347.85,3497443,349.85,350.3183,347.55
01/13/2021,349.03,3039926,348.11,350.06,347.32
01/12/2021,348.16,2298388,348.3,349.15,345.97
01/11/2021,348.13,2987858,347.36,349.82,347.202
01/08/2021,350.42,3758462,349.88,350.619,346.64
01/07/2021,348.46,3638857,345.74,349.2,345.54
01/06/2021,343.33,4804950,339.79,346.5,339.3
01/05/2021,341.26,3299716,338.4,342.39,338.39
01/04/2021,339.03,5402614,345.02,345.09,335.37
12/31/2020,343.69,3507320,341.82,344.37,341.23
12/30/2020,341.85,2009135,342.28,342.91,341.565
12/29/2020,341.39,2555542,343.63,343.77,340.87
12/28/2020,342.11,2798845,341.74,342.46,341.09
12/24/2020,339.16,1447667,338.37,339.18,337.77
12/23/2020,337.81,3682167,338.54,339.75,337.69
12/22/2020,337.54,2381325,338.47,338.55,336.47
12/21/2020,339.59,3918085,336.83,340.38,334.11
12/18/2020,340.64,6025650,342.39,342.5,338.7
12/17/2020,342.01,2626995,341.77,342.25,340.96
12/16/2020,340.16,2943154,339.83,341.04,338.96
12/15/2020,339.64,2762601,337.64,339.64,336.24
12/14/2020,335.01,2654634,338.76,339.79,334.89
12/11/2020,336.55,2387889,335.31,336.8,333.77
12/10/2020,336.98,2738559,335.74,337.9999,334.842
12/09/2020,337.14,2545788,340.79,340.9329,336.26
12/08/2020,340.16,1948194,337.89,340.7,337.85
12/07/2020,339.18,1943081,339.07,339.63,337.91
12/04/2020,339.81,2907285,337.505,339.84,337.45
12/03/2020,336.91,2851086,336.91,338.3,335.88
12/02/2020,337.01,2270336,335.22,337.11,334.65
12/01/2020,336.3,3237145,335.92,337.8,335.32
11/30/2020,332.64,4175707,333.4,333.63,330.04
11/27/2020,334.14,984710,334.285,334.61,333.18
11/25/2020,333.19,2256860,333.67,333.67,332.15
11/24/2020,333.74,2659731,331.02,334.25,330.1
11/23/2020,328.42,2222635,328.28,329.6,326.06
11/20/2020,326.49,3517557,328.41,328.658,326.4
11/19/2020,328.69,2962161,326.76,329.09,325.41
11/18/2020,327.32,2647827,331.63,332.14,327.29
11/17/2020,331.34,3052136,330.73,332.5,329.25
11/16/2020,333,3018755,331.65,333.12,330.405
11/13/2020,329.01,1998446,326.45,329.73,325.89
11/12/2020,324.6,2539783,326.74,327.44,322.73
11/11/2020,327.63,2773482,327.42,328.5,326.17
11/10/2020,325.34,4120821,324.77,326.3,322.06
11/09/2020,325.76,8097281,334.36,335.2,325.28
11/06/2020,321.75,3640619,321.44,322.92,319.425
11/05/2020,321.79,3950281,320.94,323.55,320.52
11/04/2020,315.61,5750173,313.19,319.65,312
11/03/2020,308.66,3378343,306.57,310.74,306.09
11/02/2020,303.31,4080396,303.37,305.31,300.63
10/30/2020,299.82,5892432,301.56,302.86,296.37
10/29/2020,303.23,5365171,300.32,306.25,298.69
10/28/2020,300.07,5650454,305.13,305.74,299.615
10/27/2020,310.77,2196107,312.18,312.47,310.5583
10/26/2020,311.8,3335822,314.31,315.08,308.36
10/23/2020,317.65,1429454,317.84,317.84,315.24
10/22/2020,316.57,2362400,315.06,317.16,312.99
10/21/2020,314.84,2607729,315.41,317.5224,314.59
10/20/2020,315.41,3066561,315.48,318.67,314.7792
10/19/2020,314.17,2229583,320.3,320.89,313.33
10/16/2020,318.99,1669931,320.65,322.21,318.9
10/15/2020,319.26,2487096,315.71,319.7,315.2252
10/14/2020,319.64,1907791,322.22,323.3,318.93
10/13/2020,321.65,2229739,323.64,323.73,320.707
10/12/2020,323.72,2194283,321.14,325.222,320.66
10/09/2020,318.58,2794077,317.47,319.0999,316.85
10/08/2020,315.77,1731711,314.96,315.85,314.05
10/07/2020,313,1707831,310.607,313.81,310.6
10/06/2020,307.72,3389808,312.25,314.32,307.1806
10/05/2020,312.08,2364454,308.69,312.29,308.69
10/02/2020,306.72,3125089,304.72,308.58,304.215
10/01/2020,309.6,3005650,310.16,311.11,307.76
09/30/2020,307.65,4304504,306.04,310.7499,305.85
09/29/2020,305.3,2307331,306.84,307.51,304.65
09/28/2020,308.36,2437913,307.42,309.02,306.43
09/25/2020,303.28,2683969,297.575,304.04,296.72
09/24/2020,298.5,3130664,296.31,301.46,295.04
09/23/2020,297.68,2755784,305.28,305.55,297.17
09/22/2020,304.74,2741533,303.11,305.24,300.67
09/21/2020,301.69,4536837,300.47,301.75,296.83
09/18/2020,305,3421015,309.44,309.48,302.55
09/17/2020,308.59,2848323,306.48,310.27,305.96
09/16/2020,311.31,2316222,313.81,315.18,311.04
09/15/2020,312.57,2570928,313.47,314.26,311.52
09/14/2020,310.97,3056093,310.08,312.75,309.61
09/11/2020,306.98,3690254,308.55,309.59,304.17
09/10/2020,306.75,3588984,314.05,314.71,305.82
09/09/2020,312.21,3339835,310.145,314.66,309.29
09/08/2020,306.17,4278260,309.35,310.59,305.85
09/04/2020,314.82,5133935,317.77,319.6,306.9
09/03/2020,317.36,6891967,327.01,327.51,314.81
09/02/2020,328.74,5273074,325.94,329.67,324.78
09/01/2020,324.02,3010783,321.81,324.1,320.94
08/31/2020,321.02,5067980,321.98,322.83,320.8
08/28/2020,322.15,3538745,321.14,322.28,319.95
08/27/2020,320.07,2295927,320.22,321.5031,318.4695
08/26/2020,319.43,2605983,316.75,319.63,316.25
08/25/2020,316.2,2890833,315.69,316.26,314.5
08/24/2020,315.1,2349556,314.355,315.17,313.37
08/21/2020,311.93,2316223,310.48,312.1,310.17
08/20/2020,310.82,2409269,308.11,311.27,308.02
08/19/2020,309.84,2498298,311.55,312.28,309.31
08/18/2020,311.16,2415819,310.93,311.55,309.28
08/17/2020,310.51,2183360,310.44,310.87,310.09
08/14/2020,309.51,2098031,309.15,310.02,308.34
08/13/2020,309.51,4074194,309.3,310.78,308.56
08/12/2020,310.04,2953661,308.25,310.81,308.2
08/11/2020,305.85,3571230,309.52,310.1156,305.07
08/10/2020,308.34,2118154,307.88,308.5,305.92
08/07/2020,307.36,3319618,306.23,307.6,305.3216
08/06/2020,307.2,4088158,304.58,307.29,304.25
08/05/2020,305.15,2620744,304.61,305.4,304.31
08/04/2020,303.26,2129215,301.22,303.26,301.22
08/03/2020,301.99,3769021,301.65,302.8222,301.13
07/31/2020,300.1,4460643,299.45,300.1,295.24
07/30/2020,297.61,2951740,295.74,298.06,293.67
07/29/2020,298.7,2370847,296,299.26,295.9
07/28/2020,295.13,3135561,296.18,297.33,294.79
07/27/2020,296.97,2253331,295.48,297.12,294.74
07/24/2020,294.82,2850971,294.86,295.81,293.3
07/23/2020,296.74,3487108,299.93,300.62,295.38
07/22/2020,300.33,4121139,298.22,300.56,298.11
07/21/2020,298.63,3310876,299.86,300.35,297.66
07/20/2020,298.01,2539891,295.33,298.68,294.6
07/17/2020,295.55,2245953,295.72,296.35,293.745
07/16/2020,294.77,3082869,293.8,295.11,293.15
07/15/2020,295.63,6601428,296.19,296.7512,293.35
07/14/2020,293.03,4053101,287.79,293.32,286.63
07/13/2020,289.16,3657909,294.1,296.45,288.61
07/10/2020,291.8,2712405,288.72,292.01,287.34
07/09/2020,288.9,3164606,291.02,291.3,285.41
07/08/2020,290.38,2434228,289,290.55,287.29
07/07/2020,288.24,3420257,289.67,291.68,287.8916
07/06/2020,291.26,3573810,290.67,291.58,289.9
07/02/2020,286.81,3661062,288.76,290.05,286.18
07/01/2020,285.37,3712553,284.37,286.51,283.95
06/30/2020,283.43,5215693,279.29,284.95,279.15
06/29/2020,279.7,3464598,276.89,279.72,274.72
06/26/2020,277.11,4479022,282.72,282.92,276.52
06/25/2020,283.76,3897429,280.26,284.1,278.2201
06/24/2020,280.79,4532344,286.08,286.7,278.97
06/23/2020,288.16,2503556,289.51,290.43,287.7601
06/22/2020,286.86,2518008,284.35,287.1907,283.26
06/19/2020,284.97,3479532,290.04,290.27,283.67
06/18/2020,286.66,2756256,284.97,287.12,284.545
06/17/2020,286.4,2662798,288.73,289.02,285.88
06/16/2020,287.72,5294952,290.05,290.199,282.83
06/15/2020,282.2,4431380,273.91,283.35,272.77
06/12/2020,279.65,6232184,283.35,284.15,274.5
06/11/2020,276.32,7748197,286.36,294.5,275.8
06/10/2020,293.22,5602593,295.53,296.3934,292.59
06/09/2020,295.06,4686385,294.49,296.387,293.6301
06/08/2020,297.17,5559680,294.43,297.32,293.88
06/05/2020,293.61,6015518,291.63,295.38,291.61
06/04/2020,286.29,3818618,286,287.75,284.2
06/03/2020,287.02,5568075,285.2,287.93,284.93
06/02/2020,283.28,4343902,281.79,283.28,280.46
06/01/2020,280.97,3907111,279.07,281.49,278.57
05/29/2020,279.75,7051402,278.03,280.35,275.36
05/28/2020,278.5,4634896,280.03,282.04,277.81
05/27/2020,279.05,5152385,277.78,279.05,272.86
05/26/2020,275.04,4911764,277.53,277.735,274.55
05/22/2020,271.55,2296370,270.76,271.72,269.5
05/21/2020,270.94,3581314,272.8,273.59,269.95
05/20/2020,272.9,4896239,271.92,273.79,271.69
05/19/2020,268.52,4921117,270.61,272.25,268.34
05/18/2020,271.08,6769161,269.32,272.7,269.06
05/15/2020,263.04,3386161,259.54,263.11,258.56
05/14/2020,261.86,7737588,256.33,262,253.97
05/13/2020,258.74,5617469,262.87,263.9,256.36
05/12/2020,263.41,5159857,269.98,270.4,263.33
05/11/2020,268.82,3469300,266.78,270.2,266.43
05/08/2020,268.78,3206956,267.53,269.14,266.38
05/07/2020,264.36,3410208,264.45,266.3,263.9
05/06/2020,261.27,3021415,264.71,265.105,261.14
05/05/2020,263.04,4437160,263.45,265.81,262.6
05/04/2020,260.64,4128909,257.92,260.9,256.53
05/01/2020,259.82,4790654,262.14,262.85,258.74
04/30/2020,267.1,7386574,268.08,268.58,265.23
04/29/2020,269.45,6773125,267.98,271,266.91
04/28/2020,262.68,5849521,267.48,267.79,262.3
04/27/2020,263.9,3892216,262.01,264.91,261.57
04/24/2020,260.14,4770195,258,260.7,255.94
04/23/2020,256.42,7665377,257.75,260.8999,256.2
04/22/2020,256.47,5634160,255.83,258.23,254.475
04/21/2020,250.95,6526061,254.25,255.49,250
04/20/2020,258.86,6498713,259.65,263.1,258.58
04/17/2020,263.61,6738790,262.31,264,259.5
04/16/2020,256.53,6165690,256.514,257.2999,253.4
04/15/2020,255.24,4888851,255.08,256.9,253.11
04/14/2020,260.92,6631120,258.24,261.63,257.21
04/13/2020,253.19,7666366,254.64,254.9487,249.3766
04/09/2020,255.67,8812596,255.12,258.3899,253.14
04/08/2020,251.93,6958583,246.24,253.05,244.05
04/07/2020,243.66,12936590,251.92,252.8,243.455
04/06/2020,243.53,7624036,236.96,245.3,235.93
04/03/2020,228.02,5490162,230.43,232.71,225.3412
04/02/2020,231.44,6547009,225.335,232.18,224.72
04/01/2020,226.15,13710140,227.92,231.05,224.13
03/31/2020,236.82,10386300,239.45,241.94,235.44
03/30/2020,240.39,8727846,234.92,241.1,232.97
03/27/2020,232.86,11170600,232.7,239.64,230.661
03/26/2020,240.24,12411130,229.272,241.44,228.85
03/25/2020,226.62,11876360,225,235.51,220.32
03/24/2020,223.75,13160770,216.39,224.3,214.83
03/23/2020,204.27,14128150,209.63,210.7799,200.55
03/20/2020,210.74,11533250,222.8,224.563,210.05
03/19/2020,220.34,12441160,218.43,226,212.11
03/18/2020,220.15,20177500,216.08,224.74,208.31
03/17/2020,232.88,15115490,223.75,233.95,216.6
03/16/2020,218.57,17271540,222.85,234.77,218.1444
03/13/2020,247.64,19533610,240.66,247.78,228.1
03/12/2020,226.48,24669260,234.94,243.675,225.81
03/11/2020,250.73,11518410,256.66,257.72,247.62
03/10/2020,263.81,10879060,260.48,263.81,250
03/09/2020,252.11,16425910,253.89,260.99,251.15
03/06/2020,273.19,6669112,269.32,274.46,266.6
03/05/2020,277.85,6219956,280.3,283.41,275.61
03/04/2020,287.48,5253926,281.23,287.645,278.7
03/03/2020,276.04,9805876,284.34,288.3197,273.36
03/02/2020,283.87,12428630,274,284.04,270.49
02/28/2020,271.74,23324080,265.32,272.92,262.25
02/27/2020,273.39,14897040,280.57,284.4795,273.36
02/26/2020,286.07,10284670,288.61,292.28,285.48
02/25/2020,287.34,8465834,297.73,298.23,286.36
02/24/2020,296.24,7096975,296.96,299.378,295.17
02/21/2020,306.49,2678575,308.3,308.58,305.62
02/20/2020,309.7,4617280,310.35,311.187,306.67
02/19/2020,310.92,2257545,310.42,311.59,310.12
02/18/2020,309.43,3002985,309.24,309.82,308.0332
02/14/2020,310.28,1637209,310.11,310.33,309
02/13/2020,309.76,2043427,308.6,310.72,308.36
02/12/2020,310.06,2115750,309.56,310.27,309.17
02/11/2020,308.08,2438848,308.93,309.69,307.605
02/10/2020,307.52,2246940,304.39,307.56,304.35
02/07/2020,305.33,2249279,305.83,306.59,304.74
02/06/2020,306.89,1925534,306.8,307.08,305.81
02/05/2020,305.85,3049942,305.4,306.08,303.87
02/04/2020,302.43,2292773,301.5,303.225,301.16
02/03/2020,297.84,3266697,297.12,299.67,297.0348
01/31/2020,295.69,6184691,300.44,300.6,294.72
01/30/2020,301.09,4432657,298.04,301.29,297.3
01/29/2020,300.15,2752249,301.78,301.935,299.922
01/28/2020,300.45,3562527,298.7,301.22,298.2201
01/27/2020,297.23,4301999,296.84,298.73,296.45
01/24/2020,302.03,3448207,305.42,305.52,300.8086
01/23/2020,304.81,2673069,303.84,304.97,302.664
01/22/2020,304.51,2765293,305.31,305.92,304.32
01/21/2020,304.43,2757878,304.08,305.22,304
01/17/2020,305.06,2218062,304.77,305.2,304.2
01/16/2020,304.03,2582603,302.94,304.04,302.71
01/15/2020,301.51,2822336,300.81,302.3,300.69
01/14/2020,300.84,2620725,300.89,301.91,300.32
01/13/2020,301.24,2738733,299.91,301.32,299.48
01/10/2020,299.26,3667003,300.74,300.86,298.79
01/09/2020,300.12,2173883,299.73,300.19,299.09
01/08/2020,298.06,3724359,296.71,299.31,296.47
01/07/2020,296.53,2384732,296.82,297.27,296.0611
01/06/2020,297.35,2782110,294.42,297.42,294.35
01/03/2020,296.24,3248060,295.22,297.36,295.04
01/02/2020,298.42,3149761,297.29,298.45,296.34
12/31/2019,295.8,2512719,294.53,295.99,294.17
12/30/2019,295.04,2349611,296.75,296.84,294.5103
12/27/2019,296.67,2225614,297.51,297.51,296.149
12/26/2019,296.67,2391589,295.56,296.69,295.52
12/24/2019,295.16,1305896,295.36,295.4,294.85
12/23/2019,295.16,2325251,295.49,295.53,294.99
12/20/2019,296.3,4985649,295.89,296.76,295.78
12/19/2019,294.8,2333488,293.78,294.88,293.75
12/18/2019,293.58,3295366,294.02,294.22,293.57
12/17/2019,293.56,3659229,293.99,294.19,293.5
12/16/2019,293.5,3142450,293.26,294.11,293.22
12/13/2019,291.44,3520501,291.09,292.76,290.3
12/12/2019,291.33,3277393,288.85,292.1014,288.61
12/11/2019,288.79,1836430,288.45,289.08,288.08
12/10/2019,288.04,1823558,288.31,288.938,287.35
12/09/2019,288.31,1480344,288.87,289.52,288.27
12/06/2019,289.19,1609493,288.58,289.65,288.5456
12/05/2019,286.64,1597255,286.83,286.83,285.29
12/04/2019,286.11,3189831,285.41,286.7,285.07
12/03/2019,284.29,3250267,283.52,284.43,282.1
12/02/2019,286.3,4422919,289.03,289.03,285.84
11/29/2019,288.65,1988460,289.25,289.48,288.48
11/27/2019,289.76,1640995,289.06,289.78,288.7599
11/26/2019,288.4,1802937,287.91,288.68,287.57
11/25/2019,287.82,2048149,286.6,287.84,286.57
11/22/2019,285.65,1266929,285.75,285.86,284.6
11/21/2019,285.02,2311352,285.52,285.64,284.165
11/20/2019,285.46,2826599,285.91,286.4197,283.89
11/19/2019,286.47,3299986,287.24,287.24,285.875
11/18/2019,286.61,2288428,286.18,286.85,285.71
11/15/2019,286.43,1892548,285.64,286.43,285
11/14/2019,284.31,2251206,283.64,284.4,282.99
11/13/2019,283.93,1729194,282.83,284.3163,282.59
11/12/2019,283.81,1737575,283.58,284.72,283.03
11/11/2019,283.25,1125769,282.43,283.371,282.24
11/08/2019,283.8,2329606,282.74,283.8,282
11/07/2019,283.11,2695973,283.46,284.23,282.58
11/06/2019,282.11,1458275,282.04,282.34,281.12
11/05/2019,281.96,3003725,282.58,282.8198,281.71
11/04/2019,282.32,3803528,282.79,282.9,281.96
11/01/2019,281.2,2367883,280.05,281.21,279.91
10/31/2019,278.55,2313622,279.35,279.35,277.15
10/30/2019,279.45,1819408,278.69,279.69,277.38
10/29/2019,278.47,1599619,278.32,279.43,278.1844
10/28/2019,278.65,1802458,278.22,279.07,278.22
10/25/2019,277.04,5502238,275.33,277.54,275.28
10/24/2019,275.89,2222151,276.38,276.505,275.05
10/23/2019,275.44,1298691,274.41,275.48,274.179
10/22/2019,274.63,1602697,276.09,276.33,274.52
10/21/2019,275.6,3018431,275.05,275.72,274.57
10/18/2019,273.69,1154897,274.36,274.9671,272.81
10/17/2019,274.82,3103315,275.24,275.72,274.185
10/16/2019,274.08,1153444,274.07,274.73,273.62
10/15/2019,274.51,1793824,272.87,275.25,272.77
10/14/2019,271.88,1216514,271.79,272.45,271.48
10/11/2019,272.13,2811812,272.1,274.35,271.94
10/10/2019,269.32,1575089,267.42,270.2,267.25
10/09/2019,267.5,1967625,267.04,268.437,266.39
10/08/2019,265.03,2159834,267.28,268.0193,264.96
10/07/2019,269.21,1828719,269.56,271.16,268.9
10/04/2019,270.37,1908861,267.45,270.56,267.355
10/03/2019,266.67,2995139,264.35,266.73,261.59
10/02/2019,264.57,4471676,267.73,267.73,263.2501
10/01/2019,269.32,3729072,273.44,274.08,269.09
09/30/2019,272.6,2736186,271.82,273.265,271.7929
09/27/2019,271.26,2838430,273.56,273.59,269.723
09/26/2019,272.79,2355716,273.34,273.55,271.35
09/25/2019,274.63,2650739,273.08,275.08,271.6
09/24/2019,272.96,5128098,276.31,276.675,272.06
09/23/2019,275.24,1298102,274.59,275.8997,274.33
09/20/2019,275.05,2063030,277.18,277.41,274.5
09/19/2019,276.53,2272858,277,277.98,276.23
09/18/2019,276.59,2030540,276,276.68,273.95
09/17/2019,276.42,1791361,275.46,276.48,275.34
09/16/2019,275.67,1432383,275.38,276.1,275.04
09/13/2019,276.58,2292208,277.21,277.54,276.1542
09/12/2019,276.65,2433713,276.71,277.8,275.94
09/11/2019,275.84,2080323,274.15,275.84,273.5
09/10/2019,273.87,1870384,273.11,273.88,271.87
09/09/2019,273.81,2158794,274.8,274.825,272.96
09/06/2019,273.74,1890921,273.93,274.39,273.19
09/05/2019,273.54,1756746,272.57,274.44,272.46
09/04/2019,269.97,1486534,269.25,270.06,268.4812
09/03/2019,267.11,3370402,266.83,267.8,265.68
08/30/2019,268.6,4209570,270.15,270.215,267.6609
08/29/2019,268.71,3129402,267.91,269.23,266.9
08/28/2019,265.26,3124885,262.73,265.45,262
08/27/2019,263.43,2491178,265.92,266.26,262.71
08/26/2019,264.47,2272271,263.81,264.47,262.27
08/23/2019,261.57,4216363,267.19,268.84,260.33
08/22/2019,268.46,1886585,269.28,269.9104,266.7
08/21/2019,268.56,2012417,268.58,268.9289,267.92
08/20/2019,266.4,1865144,267.98,268.49,266.29
08/19/2019,268.48,1431401,268.36,269.14,267.6415
08/16/2019,265.22,2433959,263.07,265.68,263.02
08/15/2019,261.39,2783321,261.62,262.27,259.34
08/14/2019,260.57,4354779,264.56,265.15,260.57
08/13/2019,268.66,3405324,264.22,270.1,263.91
08/12/2019,264.56,2104466,266.24,266.79,263.565
08/09/2019,267.7,2616286,268.72,269.29,266
08/08/2019,269.58,3618814,266,269.59,265.4
08/07/2019,264.42,4261217,261.16,265.2299,258.9901
08/06/2019,264.24,4366766,262.53,264.47,261.055
08/05/2019,260.88,7354009,264.57,264.68,258.7
08/02/2019,268.81,5310356,269.89,270.08,267.15
08/01/2019,270.79,6920969,273.28,276.28,269.94
07/31/2019,273.08,4910040,276.39,276.61,271.07
07/30/2019,276.21,1751061,275.45,276.56,275.04
07/29/2019,276.88,2925862,277.23,277.27,276.26
07/26/2019,277.38,1796961,276.2,277.55,276.1
07/25/2019,275.41,1874216,276.41,276.41,274.68
07/24/2019,276.76,1669885,274.78,276.79,274.67
07/23/2019,275.49,1752997,274.71,275.5,273.89
07/22/2019,273.61,1304991,273.32,274.11,272.79
07/19/2019,272.95,2319545,275.52,275.54,272.7
07/18/2019,274.42,3464704,272.91,274.79,272.47
07/17/2019,273.42,1758128,275.28,275.4,273.42
07/16/2019,275.28,1564200,276.12,276.265,274.99
07/15/2019,276.18,1466344,276.53,276.55,275.71
07/12/2019,276.11,2932354,275.39,276.19,275.06
07/11/2019,274.76,2249449,274.87,275.11,273.85
07/10/2019,274.21,2853620,274.02,275.19,273.46
07/09/2019,272.94,2532925,271.4,273.22,271.34
07/08/2019,272.6,3131845,272.79,273.06,272.03
07/05/2019,273.97,3362535,273.14,274.25,271.86
07/03/2019,274.32,2335798,272.91,274.37,272.76
07/02/2019,272.23,3041654,271.47,272.25,270.62
07/01/2019,271.44,4505600,272.46,272.6501,270.3
06/28/2019,269.15,2883271,268.7,269.55,268.18
06/27/2019,267.67,2054580,267.49,268.19,267.1702
06/26/2019,268.12,2988721,269.3,269.82,268.02
06/25/2019,268.38,2287082,271.1,271.13,268.27
06/24/2019,271.06,3518370,271.59,271.9207,270.9
06/21/2019,271.41,2225992,271.53,272.79,271.17
06/20/2019,271.73,3288090,271.94,272.19,269.73
06/19/2019,269.22,1684486,268.74,269.72,267.76
06/18/2019,268.51,2340697,267.65,269.66,267.3
06/17/2019,265.86,1782613,265.94,266.56,265.62
06/14/2019,265.62,1203356,265.71,266.29,264.91
06/13/2019,266.02,1813685,265.82,266.36,265.11
06/12/2019,264.84,1712276,265.12,265.7,264.355
06/11/2019,265.34,1894531,267.25,267.65,264.69
06/10/2019,265.39,2846143,265.76,267.1,265.3
06/07/2019,264.15,1877426,262.62,265.29,262.45
06/06/2019,261.54,2277840,260.17,262.255,259.5101
06/05/2019,259.85,2646522,259.24,259.88,257.42
06/04/2019,257.67,3536293,254.48,257.76,254.03
06/03/2019,252.12,3825614,252.83,253.9597,250.77
05/31/2019,252.87,3698782,253.63,254.49,252.77
05/30/2019,256.3,2977192,256.28,257.18,255.14
05/29/2019,255.59,4593562,256.13,256.525,254.1003
05/28/2019,257.36,2566079,259.96,260.96,257.29
05/24/2019,259.69,1833053,260.595,260.99,259.06
05/23/2019,259.24,3813201,260.08,260.1,257.68
05/22/2019,262.31,3421502,262.12,263.29,261.87
05/21/2019,263.03,2760813,262.5,263.51,262.25
05/20/2019,260.82,2762623,260.9,262.1106,260.02
05/17/2019,262.61,2719513,261.89,265.02,261.86
05/16/2019,264.21,3221513,262.47,265.6,262.45
05/15/2019,261.81,2444406,258.63,262.45,258.4
05/14/2019,260.27,4702647,258.99,261.82,258.84
05/13/2019,258.03,5548217,259.37,260.34,257.07
05/10/2019,264.52,3132036,262.37,265.38,259.2732
05/09/2019,263.29,3094808,261.94,263.84,260.2
05/08/2019,264.1,2662696,264.14,265.82,263.47
05/07/2019,264.62,4752538,266.48,267.08,262.48
05/06/2019,268.98,3966927,265.65,269.36,265.31
05/03/2019,270.05,1969316,268.92,270.32,268.7
05/02/2019,267.51,3009045,267.88,268.8,265.93
05/01/2019,268.04,2669356,270.68,270.865,268
04/30/2019,270.01,2023837,269.56,270.31,268.11
04/29/2019,269.84,1890163,269.56,270.41,269.4616
04/26/2019,269.5,2172573,268.28,269.54,267.46
04/25/2019,268.27,1237376,268.28,268.88,266.98
04/24/2019,268.37,1391982,268.89,269.2099,268.23
04/23/2019,268.9,2617211,266.96,269.19,266.71
04/22/2019,266.6,1126442,265.56,266.71,265.47
04/18/2019,266.34,2788702,266.44,266.6,265.0817
04/17/2019,265.84,1866945,267.59,267.61,265.4
04/16/2019,266.49,2447676,267.2,267.24,265.86
04/15/2019,266.3,1584502,266.57,266.64,265.4676
04/12/2019,266.48,1903113,266.33,266.77,265.63
04/11/2019,264.69,1562621,265.24,265.24,264.09
04/10/2019,264.74,2990550,264.25,264.84,263.85
04/09/2019,263.83,2016036,264.22,264.54,263.291
04/08/2019,265.24,1719975,264.57,265.31,263.91
04/05/2019,265.01,1504787,264.42,265.06,264.124
04/04/2019,263.74,1734963,263.37,263.96,262.67
04/03/2019,263.11,1933827,263.87,264.25,262.4
04/02/2019,262.62,1511135,262.67,262.848,261.81
04/01/2019,262.53,3303846,261.46,262.7761,261.19
03/29/2019,259.54,2831125,259.34,259.72,258.18
03/28/2019,257.88,1708353,257.45,258.22,256.27
03/27/2019,256.88,2714128,258.15,258.73,255.23
03/26/2019,258.08,3174560,258.01,259.12,256.73
03/25/2019,256.23,2893077,256.09,257.28,254.95
03/22/2019,256.46,4316586,260.07,260.6099,256.37
03/21/2019,261.43,2964388,257.68,261.86,257.68
03/20/2019,259.93,3414974,260.54,261.77,258.84
03/19/2019,260.86,4058850,261.81,262.59,259.88
03/18/2019,260.78,1827635,260,260.99,259.77
03/15/2019,259.85,3146408,259.02,260.57,258.87
03/14/2019,258.59,1547295,258.68,259.12,258.04
03/13/2019,258.68,1972608,257.84,259.59,257.6931
03/12/2019,256.93,2271941,256.52,257.4614,256.37
03/11/2019,256.02,1878614,253.04,256.12,253.02
03/08/2019,252.34,4521387,250.88,252.45,250.34
03/07/2019,252.85,6440020,254.48,254.6,251.95
03/06/2019,254.9,2517061,256.62,256.62,254.6
03/05/2019,256.54,2472599,256.99,257.17,255.96
03/04/2019,256.84,3377619,258.87,259.1,254.49
03/01/2019,257.83,2866981,257.81,258.21,256.33
02/28/2019,256.07,2206968,256.42,256.88,255.85
02/27/2019,256.67,2136388,256.06,257.02,255.1
02/26/2019,256.8,4623025,256.55,257.643,256.41
02/25/2019,256.99,2940020,258.09,258.61,256.88
02/22/2019,256.61,2119327,255.69,256.81,255.4514
02/21/2019,255.08,2019778,255.33,255.64,254.04
02/20/2019,256.01,2156318,255.41,256.38,254.89
02/19/2019,255.42,2506672,254.15,256.09,254.15
02/15/2019,254.98,2805222,254.026,255,253.81
02/14/2019,252.2,3247078,251.65,253.36,250.83
02/13/2019,252.76,3566595,252.82,253.6571,252.39
02/12/2019,252,5978935,250.38,252.36,250.34
02/11/2019,248.78,2986015,249.28,249.513,248.22
02/08/2019,248.65,2512556,247.01,248.71,246.2
02/07/2019,248.33,3906243,249.04,249.5762,246.62
02/06/2019,250.79,2052173,250.75,251.22,249.95
02/05/2019,251.1,3613269,250.44,251.33,249.92
02/04/2019,249.99,2541031,248.3,250.02,247.5891
02/01/2019,248.22,3718439,248.31,249.29,247.455
01/31/2019,248.01,5303461,245.86,248.53,245.68
01/30/2019,245.96,6026896,243.66,246.78,242.88
01/29/2019,242.13,2428910,242.55,243.12,241.27
01/28/2019,242.43,2404126,242.09,242.49,240.63
01/25/2019,244.32,3676599,244.11,245.11,243.67
01/24/2019,242.26,2188292,241.9,242.82,240.91
01/23/2019,242.02,3075894,242.68,243.34,239.579
01/22/2019,241.66,5785053,243.39,243.58,239.97
01/18/2019,244.92,4941840,243.56,245.37,242.76
01/17/2019,241.67,3057784,239,242.55,238.95
01/16/2019,239.88,4065461,239.72,240.765,239.52
01/15/2019,239.35,5102836,236.97,239.585,236.97
01/14/2019,236.58,2652539,236.1,237.39,235.69
01/11/2019,237.89,2550986,236.85,238.0022,236.24
01/10/2019,238,2803701,235.65,238.17,234.8497
01/09/2019,237.01,4564143,236.71,237.94,235.46
01/08/2019,235.92,3544905,236.05,236.46,233.43
01/07/2019,233.65,3705182,232.29,235.23,231.32
01/04/2019,231.91,5098453,227.54,232.62,227.15
01/03/2019,224.5,3329498,228.1,228.42,223.97
01/02/2019,229.99,4885608,226.18,230.85,226.02
12/31/2018,229.81,6683814,229.31,229.97,227.45
12/28/2018,227.76,7435973,229.32,231.07,226.5171
12/27/2018,228.05,9555024,222.961,228.12,219.6
12/26/2018,225.95,11586100,216.88,226.1,214.83
12/24/2018,215.07,8493506,219.74,220.8,215.07
12/21/2018,221.16,11808780,226.74,229.46,220.57
12/20/2018,225.65,12124290,228.35,229.9,223.54
12/19/2018,229.42,8208722,233.21,237,227.78
12/18/2018,233.14,4689567,235,235.68,231.479
12/17/2018,233.23,6125471,237.06,238.22,231.68
12/14/2018,239.38,5088450,241.65,242.63,238.77
12/13/2018,243.88,2609884,244.86,245.76,242.7
12/12/2018,243.96,4116024,245.8,247.16,243.85
12/11/2018,242.62,4538281,245.95,246.12,241.19
12/10/2018,242.55,5983103,242,243.62,237.62
12/07/2018,242.26,3927587,247.63,249.24,241.37
12/06/2018,248.02,7708998,244.42,248.09,241.1301
12/04/2018,248.65,3831574,255.85,256.27,248.06
12/03/2018,256.61,3940445,257.65,257.74,255.06
11/30/2018,253.48,2992156,251.64,253.94,251.35
11/29/2018,251.81,3267992,251.54,253.25,250.36
11/28/2018,252.33,3722618,247.72,252.33,246.75
11/27/2018,246.57,2849623,244.73,246.6,244.12
11/26/2018,245.8,2494850,244.23,245.84,243.85
11/23/2018,242.01,830910,241.8,243.3459,241.73
11/21/2018,243.58,2424900,244.24,245.44,243.52
11/20/2018,242.77,4996078,243.84,245.32,241.83
11/19/2018,247.32,2973603,250.94,251.205,246.35
11/16/2018,251.49,2342764,249.77,252.47,249.26
11/15/2018,250.85,3903277,247.02,251.39,245.4311
11/14/2018,248.28,3617228,251.96,252.34,246.66
11/13/2018,249.99,3094258,250.96,253.01,249.28
11/12/2018,250.41,2709923,254.69,254.96,249.95
11/09/2018,255.34,3078543,256.5,256.64,253.81
11/08/2018,257.72,2466929,257.49,258.4368,256.65
11/07/2018,258.16,3089615,255.07,258.32,254.65
11/06/2018,252.82,2254059,251.18,252.975,251.1172
11/05/2018,251.23,1912051,250.32,251.792,249.39
11/02/2018,249.81,3184433,252.44,252.9,247.75
11/01/2018,251.37,2865599,249.63,251.54,248.4605
10/31/2018,248.79,4072708,248.72,251.08,248.27
10/30/2018,246.21,3617088,242.31,246.38,241.8
10/29/2018,242.5,5122453,247.03,248.3499,238.79
10/26/2018,243.76,5278686,244.34,246.98,241.035
10/25/2018,248.15,4440926,245.71,249.7864,244.6721
10/24/2018,243.78,4052772,251.19,251.55,243.25
10/23/2018,251.28,5206411,249,252.58,246.84
10/22/2018,252.8,2100637,254.55,254.86,252.17
10/19/2018,253.85,2684008,254.665,256.62,253.15
10/18/2018,254.05,3045837,256.754,257.35,252.69
10/17/2018,257.67,2839075,257.75,258.34,255.07
10/16/2018,257.58,3307440,254.14,258.1,253.7
10/15/2018,252.21,3303831,253.19,254.56,252.04
10/12/2018,253.6,7134586,254.39,254.64,250.2998
10/11/2018,250.22,9026969,254.81,256.2901,248.45
10/10/2018,255.6,5797025,263.62,263.62,255.37
10/09/2018,264.13,2078175,264.1,265.45,263.5492
10/08/2018,264.47,3219282,263.77,264.85,262.38
10/05/2018,264.54,2564352,266.19,266.77,263.02
10/04/2018,266.04,5003378,267.57,267.66,264.37
10/03/2018,268.24,2505430,269.02,269.47,267.72
10/02/2018,268.01,3033663,267.97,268.67,267.55
10/01/2018,268.04,1969140,268.46,269.175,267.39
09/28/2018,267.05,1774229,266.5,267.65,266.43
09/27/2018,267.08,3077279,266.876,268.24,266.6
09/26/2018,266.34,2568049,267.32,268.54,265.95
09/25/2018,268.33,2360623,269.1,269.1725,268.15
09/24/2018,268.66,2070680,268.93,269.068,268.02
09/21/2018,269.56,1352496,270.55,270.67,269.37
09/20/2018,269.75,3349316,268.89,270.1,268.79
09/19/2018,267.6,2076735,267.35,268.03,267.23
09/18/2018,267.3,1823549,266.1,267.92,266.09
09/17/2018,265.85,2513864,267.22,267.2638,265.59
09/14/2018,267.36,1860993,267.47,267.6246,266.47
09/13/2018,267.22,2087850,266.78,267.418,266.47
09/12/2018,265.71,3019320,265.61,266.26,264.83
09/11/2018,265.68,3419128,264.03,266.0499,263.68
09/10/2018,264.68,2832599,265.28,265.57,264.51
09/07/2018,264.18,2634293,263.63,265.26,263.45
09/06/2018,264.82,1686991,265.69,265.99,263.7
09/05/2018,265.6,4594806,265.91,266.13,264.52
09/04/2018,266.35,3623280,266.35,266.66,265.26
08/31/2018,266.72,3172334,266.33,267.2163,265.83
08/30/2018,266.71,2625380,267.31,267.71,266.12
08/29/2018,267.8,2115971,266.59,268.05,266.34
08/28/2018,266.34,3027095,266.76,266.83,265.89
08/27/2018,266.19,2370864,265.38,266.35,265.26
08/24/2018,264.2,2329244,263.16,264.29,263.11
08/23/2018,262.55,2307738,262.68,263.63,262.21
08/22/2018,262.93,1708048,262.64,263.45,262.39
08/21/2018,263.01,1928441,263.01,263.9732,262.86
08/20/2018,262.44,1245408,262.4,262.74,261.9
08/17/2018,261.86,2278711,260.71,262.38,260.35
08/16/2018,260.99,1692554,260.36,261.889,260.35
08/15/2018,258.89,2587660,259.43,259.55,257.39
08/14/2018,260.81,1530894,259.94,261.07,259.55
08/13/2018,259.14,3685133,260.41,261.07,258.9
08/10/2018,260.12,2394765,260.36,260.964,259.43
08/09/2018,261.9,1084117,262.33,262.74,261.76
08/08/2018,262.23,1560763,262.23,262.67,261.79
08/07/2018,262.37,2619136,262.2,262.78,262.08
08/06/2018,261.64,1842538,260.56,261.83,260.2
08/03/2018,260.66,2017544,259.6,260.66,259.39
08/02/2018,259.39,1767069,256.73,259.6,256.48
08/01/2018,258.08,1651718,258.64,259.1932,257.351
07/31/2018,258.4,1991981,258.02,259.09,257.6
07/30/2018,257.1,1601373,258.6,258.78,256.64
07/27/2018,258.59,2666731,260.73,260.74,257.58
07/26/2018,260.28,2166022,260.14,261.005,260.1
07/25/2018,261.05,2615113,258.54,261.25,258.43
07/24/2018,258.68,2916391,258.84,259.57,257.82
07/23/2018,257.47,1446456,256.73,257.61,256.4
07/20/2018,256.98,2710768,257,257.65,256.78
07/19/2018,257.22,2048463,257.5,257.9,256.75
07/18/2018,258.2,2606249,257.76,258.32,257.28
07/17/2018,257.73,1825862,255.85,258.06,255.8
07/16/2018,256.63,993010,256.89,257.01,256.16
07/13/2018,256.79,1814926,256.49,257.159,255.99
07/12/2018,256.57,2873700,255.66,256.66,255.01
07/11/2018,254.39,2334647,254.6,255.41,254.03
07/10/2018,256.14,1303748,255.75,256.3,255.45
07/09/2018,255.25,3979302,254.05,255.32,254.01
07/06/2018,253.01,2622351,250.91,253.39,250.52
07/05/2018,250.92,1942455,250.07,250.94,248.91
07/03/2018,248.79,1157884,250.68,250.76,248.44
07/02/2018,249.8,1942697,247.56,249.89,247.32
06/29/2018,249.51,3709089,249.98,251.36,249.1
06/28/2018,248.88,2634904,247.3,249.6,246.6304
06/27/2018,248.53,3430195,251.27,252.73,248.43
06/26/2018,250.61,2968552,250.66,251.5301,249.91
06/25/2018,250.06,6689898,252.37,252.5099,248.35
06/22/2018,253.57,3092450,254.4,254.52,253.32
06/21/2018,253.12,4029283,254.66,254.67,252.58
06/20/2018,254.71,1577464,254.97,255.37,254.32
06/19/2018,254.25,1863051,252.83,254.4565,252.42
06/18/2018,255.22,2016568,254.18,255.36,253.71
06/15/2018,255.83,2000044,255.27,256.07,254.13
06/14/2018,256.05,1913998,256.31,256.62,255.46
06/13/2018,255.31,2507525,256.53,256.77,255.23
06/12/2018,256.33,1180153,256.39,256.63,255.6
06/11/2018,255.9,2646489,255.79,256.67,255.7
06/08/2018,255.57,1517353,254.36,255.62,254.19
06/07/2018,254.77,2616054,255.37,255.7,253.88
06/06/2018,254.89,2760959,253.37,254.96,252.72
06/05/2018,252.87,1489832,252.66,253.13,251.87
06/04/2018,252.52,2031056,252.17,252.7983,251.96
06/01/2018,251.41,1953843,250.23,251.65,250.17
05/31/2018,248.79,2377584,249.99,250.3,248.28
05/30/2018,250.41,1359124,248.53,250.88,248.43
05/29/2018,247.15,4464294,248.28,249.08,245.97
05/25/2018,250.04,1654804,250.04,250.64,249.49
05/24/2018,250.67,2025335,250.74,251,248.76
05/23/2018,251.15,1483938,249.12,251.15,248.95
05/22/2018,250.37,1055236,251.67,251.939,250.1
05/21/2018,251.09,1263177,250.77,251.68,250.43
05/18/2018,249.26,1702950,249.53,249.85,248.89
05/17/2018,249.88,1714389,249.79,250.99,249.08
05/16/2018,250.09,2587968,249.08,250.54,249.07
05/15/2018,249.03,2600600,249.5,249.52,248.06
05/14/2018,250.75,1476645,251.12,251.76,250.21
05/11/2018,250.47,1703355,250.04,250.9164,249.48
05/10/2018,249.86,1534516,248.36,250.2002,248.25
05/09/2018,247.54,1505840,245.86,247.9,245.36
05/08/2018,245.16,1924189,244.83,245.53,243.57
05/07/2018,245.17,3124472,245.19,246.19,244.46
05/04/2018,244.41,1785209,240.25,245.055,239.8946
05/03/2018,241.21,2665256,240.88,241.8999,237.92
05/02/2018,241.78,1635557,243.21,244.02,241.36
05/01/2018,243.44,2323105,242.45,243.52,240.76
04/30/2018,242.92,2125995,245.51,246.05,242.85
04/27/2018,244.92,2178845,245.23,245.57,243.89
04/26/2018,244.66,2104648,243.22,245.47,242.77
04/25/2018,242.17,2347549,241.51,242.63,239.6
04/24/2018,241.55,3653237,245.97,246.12,240.01
04/23/2018,244.89,1471504,245.55,246.08,243.75
04/20/2018,245,2103703,246.95,247.13,243.97
04/19/2018,247,1997217,247.62,247.89,245.96
04/18/2018,248.36,1364762,248.66,249.22,247.9439
04/17/2018,248.22,2300213,247.42,248.8142,246.875
04/16/2018,245.58,2148738,245.27,246.35,244.41
04/13/2018,243.6,2887101,245.84,245.84,242.5
04/12/2018,244.28,1710966,243.71,245.25,243.47
04/11/2018,242.25,2067971,242,243.99,241.95
04/10/2018,243.54,2905256,242.75,244.38,241.57
04/09/2018,239.59,2954660,240.15,243.2499,239.32
04/06/2018,238.62,4931106,241.94,243.51,236.98
04/05/2018,243.99,3407580,243.9,244.89,242.8
04/04/2018,242.24,4593938,235.87,242.81,235.7
04/03/2018,239.48,3277580,237.81,240,235.93
04/02/2018,236.48,4688088,241.19,241.7,233.92
03/29/2018,242.08,2911327,239.85,243.61,239.08
03/28/2018,238.64,4380101,239.46,241.22,237.53
03/27/2018,239.31,3359870,244.47,245.04,237.77
03/26/2018,243.53,5526961,240.82,243.81,238.32
03/23/2018,238.09,3815252,243.74,244.52,237.92
03/22/2018,243.27,3581253,247.11,248.08,243.03
03/21/2018,249.47,2768382,249.94,252.12,249.31
03/20/2018,250.05,1983161,249.99,250.6586,249.33
03/19/2018,249.61,2708907,252.25,252.26,247.87
03/16/2018,252.99,1553556,253.23,254.08,252.97
03/15/2018,252.73,2155124,253.55,254.21,252.22
03/14/2018,252.97,2351694,255.33,255.51,252.46
03/13/2018,254.31,3078246,257.2,257.71,253.71
03/12/2018,256,2029093,256.64,257.25,255.583
03/09/2018,256.25,2450255,253.4,256.26,253.05
03/08/2018,251.89,3017059,251.4,252.02,250.36
03/07/2018,250.72,2729185,248.54,251.0699,248.36
03/06/2018,250.83,1912412,251.22,251.25,249.23
03/05/2018,250.2,3024459,246.02,250.7899,245.95
03/02/2018,247.36,3275983,244.24,247.86,243.331
03/01/2018,246.05,5168264,249.53,251.03,244.45
02/28/2018,249.34,2715904,253.37,253.82,249.34
02/27/2018,252.14,2941311,255.63,256.34,252.14
02/26/2018,255.4,1890796,253.56,255.5,252.99
02/23/2018,252.49,2922491,249.82,252.49,249.3
02/22/2018,248.41,3177556,249.17,250.9,247.81
02/21/2018,248.11,2784085,249.86,252.44,248.11
02/20/2018,249.42,3453118,249.995,251.51,248.6
02/16/2018,250.94,3007005,250.27,253,250.17
02/15/2018,250.97,2923085,249.6,250.97,246.98
02/14/2018,247.76,3648025,243,248.12,242.84
02/13/2018,244.56,3077228,242.63,245,241.97
02/12/2018,243.74,4233444,242.5,245.32,240.66
02/09/2018,240.44,9711358,239.6,242.2,232.42
02/08/2018,236.79,6964470,246.25,246.43,236.7
02/07/2018,245.93,6227126,246.71,250.28,245.92
02/06/2018,247.28,11693970,238.8,247.81,237.67
02/05/2018,242.79,8491571,251.26,253.47,241.92
02/02/2018,253.19,5530280,257.37,257.5,253.09
02/01/2018,258.73,3122033,258.29,260.12,257.95
01/31/2018,258.99,5593519,259.83,260.38,257.95
01/30/2018,258.75,6672647,259.67,260.35,258.46
01/29/2018,261.54,5141163,262.83,263.25,261.48
01/26/2018,263.36,2857116,261.33,263.37,260.97
01/25/2018,260.33,3584788,261.17,261.22,259.53
01/24/2018,260.21,2933941,261.03,261.63,259.0185
01/23/2018,260.34,2160976,259.84,260.63,259.51
01/22/2018,259.75,1605717,257.45,259.78,257.45
01/19/2018,257.68,2541142,257.15,257.69,256.53
01/18/2018,256.59,3153715,256.84,257.27,256.02
01/17/2018,256.94,1862378,255.5,257.35,254.742
01/16/2018,254.48,3714596,256.79,257.3983,253.8001
01/12/2018,255.41,2024820,254.03,255.56,253.9
01/11/2018,253.73,2279591,252.47,253.73,252.33
01/10/2018,251.87,1953381,251.51,252.17,250.82
01/09/2018,252.3,2129742,252.18,252.9425,251.91
01/08/2018,251.77,2475589,251.16,251.88,250.87
01/05/2018,251.25,2189861,250.46,251.4,249.95
01/04/2018,249.65,2917422,249.27,250.12,249.1699
01/03/2018,248.56,2917203,247.24,248.7,247.18
01/02/2018,247.09,2782060,246.15,247.09,245.7361
12/29/2017,245.29,2326598,246.76,246.77,245.03
12/28/2017,246.14,2346667,246.13,246.205,245.77
12/27/2017,245.68,1379299,245.71,246.02,245.38
12/26/2017,245.54,1491057,245.66,245.71,245.26
12/22/2017,247.01,1887410,247.09,247.13,246.44
12/21/2017,247.06,2261961,247.22,247.81,246.8159
12/20/2017,246.56,2569956,247.72,247.77,246.27
12/19/2017,246.75,3170010,247.92,247.95,246.63
12/18/2017,247.65,2086187,247.52,248.01,247.45
12/15/2017,246.12,3170286,245.15,246.55,245.065
12/14/2017,244.07,1932655,245.4,245.48,244
12/13/2017,245.04,1808322,245.36,245.7999,244.9701
12/12/2017,245.1,1854827,244.94,245.58,244.6901
12/11/2017,244.68,2512424,243.94,244.71,243.9
12/08/2017,243.89,1685499,243.45,243.92,243.2
12/07/2017,242.57,2669406,241.69,242.91,241.55
12/06/2017,241.77,1204971,241.45,242.26,241.33
12/05/2017,241.78,1884296,242.91,243.5799,241.6296
12/04/2017,242.64,2162181,244.7,245.07,242.59
12/01/2017,242.9,3775303,243.25,243.71,239.521
11/30/2017,243.35,5447906,242.3,244.4,242.23
11/29/2017,241.33,2440629,241.6,242.18,240.84
11/28/2017,241.42,1796472,239.59,241.48,239.44
11/27/2017,239.05,2654205,239.19,239.53,238.83
11/24/2017,239.12,1219347,239.12,239.28,238.99
11/22/2017,238.62,2143700,238.86,238.95,238.44
11/21/2017,238.79,1151503,238.06,239,238
11/20/2017,237.21,1419879,237.12,237.47,236.86
11/17/2017,236.9,1370465,237.17,237.39,236.79
11/16/2017,237.54,1072291,236.52,237.928,236.5
11/15/2017,235.53,2433133,235.74,236.2438,234.82
11/14/2017,236.74,2762623,236.44,236.85,235.64
11/13/2017,237.32,900110,236.33,237.5165,236.31
11/10/2017,237.04,1018957,236.72,237.18,236.4
11/09/2017,237.18,1644178,236.73,237.3368,235.48
11/08/2017,238.04,4710976,237.41,238.12,237.15
11/07/2017,237.69,1499080,237.89,238.22,237.11
11/06/2017,237.79,1688740,237.24,237.89,237.21
11/03/2017,237.43,1934271,236.83,237.44,236.34
11/02/2017,236.64,1905185,236.45,236.765,235.32
11/01/2017,236.54,2077841,237.03,237.39,236.13
10/31/2017,236.13,1356927,236.26,236.47,235.9
10/30/2017,235.86,1292843,236.13,236.615,235.5327
10/27/2017,236.72,2824985,235.63,236.88,235.3
10/26/2017,234.72,3297406,235.1,235.41,234.67
10/25/2017,234.5,1943399,235.3,235.41,233.291
10/24/2017,235.63,1817973,235.68,235.89,235.27
10/23/2017,235.3,1100538,236.49,236.49,235.152
10/20/2017,236.16,1296314,235.8,236.185,235.53
10/19/2017,234.99,1653619,234.03,234.99,233.6199
10/18/2017,234.87,1527797,235.06,235.09,234.68
10/17/2017,234.66,1332411,234.47,234.69,234.22
10/16/2017,234.51,1767453,234.41,234.69,234.0406
10/13/2017,234.14,1067871,234.37,234.47,234.02
10/12/2017,233.88,1079399,233.87,234.27,233.64
10/11/2017,234.24,1031461,233.74,234.24,233.6
10/10/2017,233.86,1027634,233.84,234.2526,233.29
10/09/2017,233.27,768438,233.92,233.93,232.98
10/06/2017,233.68,1101336,233.46,233.7,233.18
10/05/2017,233.9,1465127,232.86,233.93,232.76
10/04/2017,232.52,1006990,232.12,232.78,231.9766
10/03/2017,232.2,1316010,231.9,232.25,231.67
10/02/2017,231.73,1960080,231,231.73,230.91
09/29/2017,230.76,1726160,229.91,230.83,229.74
09/28/2017,229.94,1084001,229.36,230.01,229.29
09/27/2017,229.67,2103652,229.53,230.0631,228.5968
09/26/2017,228.78,2335044,229.09,229.32,228.53
09/25/2017,228.7,1523493,228.82,229.2,227.86
09/22/2017,229.04,1599223,228.75,229.26,228.72
09/21/2017,229.07,1899305,229.54,229.58,228.87
09/20/2017,229.72,1850312,229.68,229.78,228.63
09/19/2017,230.77,1296913,230.79,230.85,230.44
09/18/2017,230.49,1322553,230.46,230.9,230.122
09/15/2017,230.09,1419681,229.62,230.13,229.49
09/14/2017,229.77,1854080,229.47,229.94,229.31
09/13/2017,229.85,1154977,229.37,229.85,229.28
09/12/2017,229.71,1535002,229.32,229.72,229.13
09/11/2017,228.87,1607230,227.85,229.01,227.84
09/08/2017,226.4,1896850,226.45,226.9804,226.25
09/07/2017,226.75,1620299,227.13,227.13,226.342
09/06/2017,226.8,1523294,226.76,227.14,226.1915
09/05/2017,226.01,2222474,227.1,227.3507,224.98
